{
  "ckpt": "runs/cnn2_20260509-173021_baseline/best.pt",
  "model": "cnn2",
  "split": "test",
  "overall_accuracy": 0.49986363636363634,
  "accuracy_vs_snr": {
    "-20": 0.09,
    "-18": 0.09136363636363637,
    "-16": 0.09272727272727273,
    "-14": 0.10363636363636364,
    "-12": 0.115,
    "-10": 0.15454545454545454,
    "-8": 0.23545454545454544,
    "-6": 0.39136363636363636,
    "-4": 0.5518181818181818,
    "-2": 0.6686363636363636,
    "0": 0.7263636363636363,
    "2": 0.7490909090909091,
    "4": 0.7554545454545455,
    "6": 0.755,
    "8": 0.7472727272727273,
    "10": 0.7518181818181818,
    "12": 0.7413636363636363,
    "14": 0.7572727272727273,
    "16": 0.7627272727272727,
    "18": 0.7563636363636363
  }
}