{
  "ckpt_paths": [
    "/content/drive/MyDrive/amcprojects/amc_project/runs/cnn2_cbam_20260511-104549_top3_trial11/best.pt",
    "/content/drive/MyDrive/amcprojects/amc_project/runs/cnn2_cbam_20260511-104159_top2_trial8/best.pt",
    "/content/drive/MyDrive/amcprojects/amc_project/runs/cnn2_cbam_20260511-103813_top1_trial14/best.pt"
  ],
  "weights": [
    0.3333333333333333,
    0.3333333333333333,
    0.3333333333333333
  ],
  "split": "test",
  "model": "top3_ensemble",
  "individual_accuracies": [
    0.5243636363636364,
    0.5045227272727273,
    0.5038181818181818
  ],
  "best_individual_accuracy": 0.5243636363636364,
  "overall_accuracy": 0.5344545454545454,
  "ensemble_gain_pp": 1.009090909090904,
  "accuracy_vs_snr": {
    "-20": 0.09272727272727273,
    "-18": 0.09272727272727273,
    "-16": 0.1,
    "-14": 0.105,
    "-12": 0.12272727272727273,
    "-10": 0.16045454545454546,
    "-8": 0.2431818181818182,
    "-6": 0.40545454545454546,
    "-4": 0.5568181818181818,
    "-2": 0.6768181818181818,
    "0": 0.7490909090909091,
    "2": 0.8036363636363636,
    "4": 0.8113636363636364,
    "6": 0.8259090909090909,
    "8": 0.8218181818181818,
    "10": 0.8218181818181818,
    "12": 0.8204545454545454,
    "14": 0.8277272727272728,
    "16": 0.8231818181818182,
    "18": 0.8281818181818181
  }
}