{
  "baseline_label": "CNN2 (baseline)",
  "cbam_label": "Top-3 Ensemble",
  "baseline_source": "runs/cnn2_20260511-103116_baseline",
  "cbam_source": "figures/ensemble_top3",
  "overall_accuracy": {
    "baseline": 0.49986363636363634,
    "cbam": 0.5344545454545454,
    "delta_pp": 3.4590909090909063
  },
  "low_snr_avg_-10_to_0_dB": {
    "baseline": 0.4546969696969696,
    "cbam": 0.4653030303030303,
    "delta_pp": 1.0606060606060674
  },
  "high_snr_avg_0_to_18_dB": {
    "baseline": 0.7502727272727274,
    "cbam": 0.8133181818181818,
    "delta_pp": 6.3045454545454405
  },
  "very_low_snr_avg_-20_to_-10_dB": {
    "baseline": 0.10787878787878787,
    "cbam": 0.11227272727272726,
    "delta_pp": 0.43939393939393945
  },
  "qam_confusion_high_snr": {
    "baseline": {
      "QAM16_as_QAM64": 0.0835,
      "QAM64_as_QAM16": 0.8545,
      "QAM16_correct": 0.8445,
      "QAM64_correct": 0.096
    },
    "cbam": {
      "QAM16_as_QAM64": 0.073,
      "QAM64_as_QAM16": 0.7585,
      "QAM16_correct": 0.8235,
      "QAM64_correct": 0.166
    }
  },
  "per_snr_baseline": {
    "-20": 0.09,
    "-18": 0.09136363636363637,
    "-16": 0.09272727272727273,
    "-14": 0.10363636363636364,
    "-12": 0.115,
    "-10": 0.15454545454545454,
    "-8": 0.23545454545454544,
    "-6": 0.39136363636363636,
    "-4": 0.5518181818181818,
    "-2": 0.6686363636363636,
    "0": 0.7263636363636363,
    "2": 0.7490909090909091,
    "4": 0.7554545454545455,
    "6": 0.755,
    "8": 0.7472727272727273,
    "10": 0.7518181818181818,
    "12": 0.7413636363636363,
    "14": 0.7572727272727273,
    "16": 0.7627272727272727,
    "18": 0.7563636363636363
  },
  "per_snr_cbam": {
    "-20": 0.09272727272727273,
    "-18": 0.09272727272727273,
    "-16": 0.1,
    "-14": 0.105,
    "-12": 0.12272727272727273,
    "-10": 0.16045454545454546,
    "-8": 0.2431818181818182,
    "-6": 0.40545454545454546,
    "-4": 0.5568181818181818,
    "-2": 0.6768181818181818,
    "0": 0.7490909090909091,
    "2": 0.8036363636363636,
    "4": 0.8113636363636364,
    "6": 0.8259090909090909,
    "8": 0.8218181818181818,
    "10": 0.8218181818181818,
    "12": 0.8204545454545454,
    "14": 0.8277272727272728,
    "16": 0.8231818181818182,
    "18": 0.8281818181818181
  }
}