{
  "ckpt": "runs/cnn2_cbam_20260509-104404_cbam_v1/best.pt",
  "model": "cnn2_cbam",
  "split": "test",
  "overall_accuracy": 0.5062272727272727,
  "accuracy_vs_snr": {
    "-20": 0.09,
    "-18": 0.09454545454545454,
    "-16": 0.10272727272727272,
    "-14": 0.11363636363636363,
    "-12": 0.1290909090909091,
    "-10": 0.1709090909090909,
    "-8": 0.24772727272727274,
    "-6": 0.39090909090909093,
    "-4": 0.5413636363636364,
    "-2": 0.6522727272727272,
    "0": 0.7118181818181818,
    "2": 0.7477272727272727,
    "4": 0.7718181818181818,
    "6": 0.7636363636363637,
    "8": 0.7681818181818182,
    "10": 0.7609090909090909,
    "12": 0.7636363636363637,
    "14": 0.7654545454545455,
    "16": 0.769090909090909,
    "18": 0.769090909090909
  }
}