{
  "ckpt": "runs/cnn2_20260509-103929_baseline/best.pt",
  "model": "cnn2",
  "split": "test",
  "overall_accuracy": 0.5049318181818182,
  "accuracy_vs_snr": {
    "-20": 0.09181818181818181,
    "-18": 0.09272727272727273,
    "-16": 0.095,
    "-14": 0.10136363636363636,
    "-12": 0.11409090909090909,
    "-10": 0.15045454545454545,
    "-8": 0.23,
    "-6": 0.3881818181818182,
    "-4": 0.5468181818181819,
    "-2": 0.6686363636363636,
    "0": 0.7327272727272728,
    "2": 0.7581818181818182,
    "4": 0.7609090909090909,
    "6": 0.7727272727272727,
    "8": 0.7631818181818182,
    "10": 0.7659090909090909,
    "12": 0.755,
    "14": 0.7613636363636364,
    "16": 0.7786363636363637,
    "18": 0.7709090909090909
  }
}