{
  "ckpt": "/content/drive/MyDrive/amcprojects/amc_project/runs/cnn2_cbam_20260511-104549_top3_trial11/best.pt",
  "model": "cnn2_cbam",
  "split": "test",
  "overall_accuracy": 0.5243636363636364,
  "accuracy_vs_snr": {
    "-20": 0.09181818181818181,
    "-18": 0.09227272727272727,
    "-16": 0.09909090909090909,
    "-14": 0.1040909090909091,
    "-12": 0.11363636363636363,
    "-10": 0.16272727272727272,
    "-8": 0.24454545454545454,
    "-6": 0.3890909090909091,
    "-4": 0.5354545454545454,
    "-2": 0.6586363636363637,
    "0": 0.7368181818181818,
    "2": 0.7936363636363636,
    "4": 0.8009090909090909,
    "6": 0.8136363636363636,
    "8": 0.8081818181818182,
    "10": 0.8090909090909091,
    "12": 0.7995454545454546,
    "14": 0.8181818181818182,
    "16": 0.8059090909090909,
    "18": 0.81
  }
}