{
  "baseline_label": "CNN2+CBAM",
  "cbam_label": "CNN2+CBAM (tuned)",
  "baseline_source": "runs/cnn2_cbam_20260511-103338_cbam_v1",
  "cbam_source": "runs/cnn2_cbam_20260509-182442_tuned",
  "overall_accuracy": {
    "baseline": 0.516,
    "cbam": 0.5038181818181818,
    "delta_pp": -1.2181818181818183
  },
  "low_snr_avg_-10_to_0_dB": {
    "baseline": 0.46515151515151515,
    "cbam": 0.45250000000000007,
    "delta_pp": -1.265151515151508
  },
  "high_snr_avg_0_to_18_dB": {
    "baseline": 0.7739090909090909,
    "cbam": 0.755090909090909,
    "delta_pp": -1.8818181818181845
  },
  "very_low_snr_avg_-20_to_-10_dB": {
    "baseline": 0.11348484848484848,
    "cbam": 0.11265151515151516,
    "delta_pp": -0.08333333333333248
  },
  "qam_confusion_high_snr": {
    "baseline": {
      "QAM16_as_QAM64": 0.2555,
      "QAM64_as_QAM16": 0.604,
      "QAM16_correct": 0.6715,
      "QAM64_correct": 0.3465
    },
    "cbam": {
      "QAM16_as_QAM64": 0.195,
      "QAM64_as_QAM16": 0.6495,
      "QAM16_correct": 0.7045,
      "QAM64_correct": 0.2815
    }
  },
  "per_snr_baseline": {
    "-20": 0.09136363636363637,
    "-18": 0.09181818181818181,
    "-16": 0.10045454545454545,
    "-14": 0.10909090909090909,
    "-12": 0.12181818181818181,
    "-10": 0.16636363636363635,
    "-8": 0.2581818181818182,
    "-6": 0.4159090909090909,
    "-4": 0.5659090909090909,
    "-2": 0.66,
    "0": 0.7245454545454545,
    "2": 0.7636363636363637,
    "4": 0.7781818181818182,
    "6": 0.7877272727272727,
    "8": 0.7736363636363637,
    "10": 0.774090909090909,
    "12": 0.7845454545454545,
    "14": 0.7813636363636364,
    "16": 0.7913636363636364,
    "18": 0.78
  },
  "per_snr_cbam": {
    "-20": 0.09318181818181819,
    "-18": 0.09181818181818181,
    "-16": 0.09772727272727273,
    "-14": 0.105,
    "-12": 0.12545454545454546,
    "-10": 0.16272727272727272,
    "-8": 0.24772727272727274,
    "-6": 0.4072727272727273,
    "-4": 0.5395454545454546,
    "-2": 0.655,
    "0": 0.7027272727272728,
    "2": 0.7527272727272727,
    "4": 0.7577272727272727,
    "6": 0.7663636363636364,
    "8": 0.7577272727272727,
    "10": 0.7586363636363637,
    "12": 0.7631818181818182,
    "14": 0.7581818181818182,
    "16": 0.7636363636363637,
    "18": 0.77
  }
}