{
  "ckpt": "runs/cnn2_cbam_20260509-182442_tuned/best.pt",
  "model": "cnn2_cbam",
  "split": "test",
  "overall_accuracy": 0.5038181818181818,
  "accuracy_vs_snr": {
    "-20": 0.09318181818181819,
    "-18": 0.09181818181818181,
    "-16": 0.09772727272727273,
    "-14": 0.105,
    "-12": 0.12545454545454546,
    "-10": 0.16272727272727272,
    "-8": 0.24772727272727274,
    "-6": 0.4072727272727273,
    "-4": 0.5395454545454546,
    "-2": 0.655,
    "0": 0.7027272727272728,
    "2": 0.7527272727272727,
    "4": 0.7577272727272727,
    "6": 0.7663636363636364,
    "8": 0.7577272727272727,
    "10": 0.7586363636363637,
    "12": 0.7631818181818182,
    "14": 0.7581818181818182,
    "16": 0.7636363636363637,
    "18": 0.77
  }
}