{
  "baseline_label": "CNN2+CBAM (tuned)",
  "cbam_label": "Top-3 Ensemble",
  "baseline_source": "/content/drive/MyDrive/amcprojects/amc_project/runs/cnn2_cbam_20260511-104549_top3_trial11",
  "cbam_source": "figures/ensemble_top3",
  "overall_accuracy": {
    "baseline": 0.5243636363636364,
    "cbam": 0.5344545454545454,
    "delta_pp": 1.009090909090904
  },
  "low_snr_avg_-10_to_0_dB": {
    "baseline": 0.4545454545454546,
    "cbam": 0.4653030303030303,
    "delta_pp": 1.0757575757575688
  },
  "high_snr_avg_0_to_18_dB": {
    "baseline": 0.7995909090909089,
    "cbam": 0.8133181818181818,
    "delta_pp": 1.3727272727272921
  },
  "very_low_snr_avg_-20_to_-10_dB": {
    "baseline": 0.11060606060606061,
    "cbam": 0.11227272727272726,
    "delta_pp": 0.16666666666666496
  },
  "qam_confusion_high_snr": {
    "baseline": {
      "QAM16_as_QAM64": 0.09,
      "QAM64_as_QAM16": 0.7765,
      "QAM16_correct": 0.7655,
      "QAM64_correct": 0.1215
    },
    "cbam": {
      "QAM16_as_QAM64": 0.073,
      "QAM64_as_QAM16": 0.7585,
      "QAM16_correct": 0.8235,
      "QAM64_correct": 0.166
    }
  },
  "per_snr_baseline": {
    "-20": 0.09181818181818181,
    "-18": 0.09227272727272727,
    "-16": 0.09909090909090909,
    "-14": 0.1040909090909091,
    "-12": 0.11363636363636363,
    "-10": 0.16272727272727272,
    "-8": 0.24454545454545454,
    "-6": 0.3890909090909091,
    "-4": 0.5354545454545454,
    "-2": 0.6586363636363637,
    "0": 0.7368181818181818,
    "2": 0.7936363636363636,
    "4": 0.8009090909090909,
    "6": 0.8136363636363636,
    "8": 0.8081818181818182,
    "10": 0.8090909090909091,
    "12": 0.7995454545454546,
    "14": 0.8181818181818182,
    "16": 0.8059090909090909,
    "18": 0.81
  },
  "per_snr_cbam": {
    "-20": 0.09272727272727273,
    "-18": 0.09272727272727273,
    "-16": 0.1,
    "-14": 0.105,
    "-12": 0.12272727272727273,
    "-10": 0.16045454545454546,
    "-8": 0.2431818181818182,
    "-6": 0.40545454545454546,
    "-4": 0.5568181818181818,
    "-2": 0.6768181818181818,
    "0": 0.7490909090909091,
    "2": 0.8036363636363636,
    "4": 0.8113636363636364,
    "6": 0.8259090909090909,
    "8": 0.8218181818181818,
    "10": 0.8218181818181818,
    "12": 0.8204545454545454,
    "14": 0.8277272727272728,
    "16": 0.8231818181818182,
    "18": 0.8281818181818181
  }
}