{
  "baseline_label": "CNN2+CBAM (default)",
  "cbam_label": "CNN2+CBAM (Optuna tuned)",
  "baseline_source": "runs/cnn2_cbam_20260511-103338_cbam_v1",
  "cbam_source": "/content/drive/MyDrive/amcprojects/amc_project/runs/cnn2_cbam_20260511-104549_top3_trial11",
  "overall_accuracy": {
    "baseline": 0.516,
    "cbam": 0.5243636363636364,
    "delta_pp": 0.8363636363636351
  },
  "low_snr_avg_-10_to_0_dB": {
    "baseline": 0.46515151515151515,
    "cbam": 0.4545454545454546,
    "delta_pp": -1.0606060606060563
  },
  "high_snr_avg_0_to_18_dB": {
    "baseline": 0.7739090909090909,
    "cbam": 0.7995909090909089,
    "delta_pp": 2.568181818181803
  },
  "very_low_snr_avg_-20_to_-10_dB": {
    "baseline": 0.11348484848484848,
    "cbam": 0.11060606060606061,
    "delta_pp": -0.28787878787878696
  },
  "qam_confusion_high_snr": {
    "baseline": {
      "QAM16_as_QAM64": 0.2555,
      "QAM64_as_QAM16": 0.604,
      "QAM16_correct": 0.6715,
      "QAM64_correct": 0.3465
    },
    "cbam": {
      "QAM16_as_QAM64": 0.09,
      "QAM64_as_QAM16": 0.7765,
      "QAM16_correct": 0.7655,
      "QAM64_correct": 0.1215
    }
  },
  "per_snr_baseline": {
    "-20": 0.09136363636363637,
    "-18": 0.09181818181818181,
    "-16": 0.10045454545454545,
    "-14": 0.10909090909090909,
    "-12": 0.12181818181818181,
    "-10": 0.16636363636363635,
    "-8": 0.2581818181818182,
    "-6": 0.4159090909090909,
    "-4": 0.5659090909090909,
    "-2": 0.66,
    "0": 0.7245454545454545,
    "2": 0.7636363636363637,
    "4": 0.7781818181818182,
    "6": 0.7877272727272727,
    "8": 0.7736363636363637,
    "10": 0.774090909090909,
    "12": 0.7845454545454545,
    "14": 0.7813636363636364,
    "16": 0.7913636363636364,
    "18": 0.78
  },
  "per_snr_cbam": {
    "-20": 0.09181818181818181,
    "-18": 0.09227272727272727,
    "-16": 0.09909090909090909,
    "-14": 0.1040909090909091,
    "-12": 0.11363636363636363,
    "-10": 0.16272727272727272,
    "-8": 0.24454545454545454,
    "-6": 0.3890909090909091,
    "-4": 0.5354545454545454,
    "-2": 0.6586363636363637,
    "0": 0.7368181818181818,
    "2": 0.7936363636363636,
    "4": 0.8009090909090909,
    "6": 0.8136363636363636,
    "8": 0.8081818181818182,
    "10": 0.8090909090909091,
    "12": 0.7995454545454546,
    "14": 0.8181818181818182,
    "16": 0.8059090909090909,
    "18": 0.81
  }
}