{
  "ckpt": "runs/cnn2_cbam_20260511-103338_cbam_v1/best.pt",
  "model": "cnn2_cbam",
  "split": "test",
  "overall_accuracy": 0.516,
  "accuracy_vs_snr": {
    "-20": 0.09136363636363637,
    "-18": 0.09181818181818181,
    "-16": 0.10045454545454545,
    "-14": 0.10909090909090909,
    "-12": 0.12181818181818181,
    "-10": 0.16636363636363635,
    "-8": 0.2581818181818182,
    "-6": 0.4159090909090909,
    "-4": 0.5659090909090909,
    "-2": 0.66,
    "0": 0.7245454545454545,
    "2": 0.7636363636363637,
    "4": 0.7781818181818182,
    "6": 0.7877272727272727,
    "8": 0.7736363636363637,
    "10": 0.774090909090909,
    "12": 0.7845454545454545,
    "14": 0.7813636363636364,
    "16": 0.7913636363636364,
    "18": 0.78
  }
}